task_id,success,score,steps,total_reward,duration_s,run_id
1,False,0.0,20,0.0,0.007143497467041016,run_1770028059
3,False,0.0,20,0.0,0.0058515071868896484,run_1770028059
4,False,0.0,20,0.0,0.006018638610839844,run_1770028059
0,False,0.0,20,0.0,0.007794857025146484,run_1770028059
2,False,0.0,20,0.0,0.006029844284057617,run_1770028059
